0,0,0.18823531,0,0,0.18431373,35.575928,-46.961365,0.18431373,179.92712,-200.3075,0.1764706,258.8615,-267.78424,0.18039216,336.95386,-321.0852,0.1764706,374.97247,-342.1872,0.17254902,395.83972,-351.2799,0.17254902,403,-353,0.15294118,403,-353,0.15294118,403,-353,0.15294118,403,-353,0.15294118,403,-353,0.15294118,403,-353,0.15294118,403,-353,0.15294118,403,-353,0.15294118,403,-353,0.15294118,403,-353,0.15294118,403,-353,0.15294118,403,-353,0.15294118,403,-353,0.15294118,403,-353,0.15294118,403,-353,0.15294118,403,-353,0.15294118,403,-353,0.15294118,403,-353,0.15294118,403,-353,0.15294118,403,-353,0.15294118,403,-353,0.15294118,403,-353,0.15294118,403,-353,0.15294118,403,-353,0.15294118,403,-353,0.15294118,403,-353,0.15294118,403,-353,0.15294118,403,-353,0.15294118,403,-353,0.15294118,403,-353,0.15294118,403,-353,0.15294118,403,-353,0.15294118,403,-353,0.15294118,403,-353,0.15294118,403,-353,0.15294118,403,-353,0.15294118,403,-353,0.15294118,403,-353,0.15294118,403,-353,0.15294118,403,-353,0.15294118,403,-353,0.15294118,403,-353,0.15294118,403,-353,0.15294118,403,-353,0.15294118,403,-353,0.15294118,403,-353,0.15294118,403,-353,0.15294118,403,-353,0.15294118,403,-353,0.15294118,403,-353,0.15294118,403,-353,0.15294118,403,-353,0.15294118,403,-353,0.15294118,403,-353,0.15294118,403,-353,0.15294118,403,-353,0.15294118,403,-353,0.15294118,403,-353,0.15294118,403,-353,0.15294118,403,-353,0.15294118,403,-353,0.15294118,403,-353,0.15294118,403,-353,0.15294118,403,-353,0.15294118,403,-353,0.15294118,403,-353,0.15294118,403,-353,0.15294118,403,-353,0.15294118,403,-353,0.15294118,403,-353,0.15294118,403,-353,0.15294118,403,-353,0.15294118,403,-353,0.15294118,403,-353,0.15294118,403,-353,0.15294118,403,-353,0.15294118,403,-353,0.15294118,403,-353,0.15294118,403,-353,0.15294118,403,-353,0.15294118,403,-353,0.15294118,403,-353,0.15294118,403,-353,0.15294118,403,-353,0.15294118,403,-353,0.15294118,403,-353,0.15294118,403,-353,0.15294118,403,-353,0.15294118,403,-353,0.15294118,403,-353,0.15294118,403,-353,0.15294118,403,-353,0.15294118,403,-353,0.15294118,403,-353,0.15294118,403,-353,0.15294118,403,-353,0.15294118,403,-353,0.15294118,403,-353,0.15294118,403,-353,0.15294118,403,-353,0.15294118,403,-353,0.15294118,403,-353,0.15294118,403,-353,0.15294118,403,-353,0.15294118,403,-353,0.15294118,403,-353,0.15294118,403,-353,0.15294118,403,-353,0.15294118,403,-353,0.15294118,403,-353,0.15294118,403,-353,0.15294118,403,-353,0.15294118,403,-353,0.15294118,403,-353,0.15294118,403,-353,0.15294118,403,-353,0.15294118,403,-353,0.15294118,403,-353,0.15294118,403,-353,0.15294118,403,-353,0.15294118,403,-353,0.15294118,403,-353,0.15294118,403,-353,0.15294118,403,-353,0.15294118,403,-353,0.15294118,403,-353,0.15294118,403,-353,0.15294118,403,-353,0.15294118,403,-353,0.15294118,403,-353,0.15294118,403,-353,0.15294118,403,-353,0.15294118,403,-353,0.15294118,403,-353,0.15294118,403,-353,0.15294118,403,-353,0.15294118,403,-353,0.15294118,403,-353,0.15294118,403,-353,0.15294118,403,-353,0.15294118,403,-353,0.15294118,403,-353,0.15294118,1231
0,0,0.18039216,0,0,0.18039216,55.444946,-96.67041,0.09411766,69,-121,0.050980397,205,-332,0.1254902,253.94043,-432.76038,0.17254902,314.67548,-569.35095,0.18039216,400.55524,-715.04895,0.1764706,446,-769,0.15294118,446,-769,0.15294118,446,-769,0.15294118,446,-769,0.15294118,446,-769,0.15294118,446,-769,0.15294118,446,-769,0.15294118,446,-769,0.15294118,446,-769,0.15294118,446,-769,0.15294118,446,-769,0.15294118,446,-769,0.15294118,446,-769,0.15294118,446,-769,0.15294118,446,-769,0.15294118,446,-769,0.15294118,446,-769,0.15294118,446,-769,0.15294118,446,-769,0.15294118,446,-769,0.15294118,446,-769,0.15294118,446,-769,0.15294118,446,-769,0.15294118,446,-769,0.15294118,446,-769,0.15294118,446,-769,0.15294118,446,-769,0.15294118,446,-769,0.15294118,446,-769,0.15294118,446,-769,0.15294118,446,-769,0.15294118,446,-769,0.15294118,446,-769,0.15294118,446,-769,0.15294118,446,-769,0.15294118,446,-769,0.15294118,446,-769,0.15294118,446,-769,0.15294118,446,-769,0.15294118,446,-769,0.15294118,446,-769,0.15294118,446,-769,0.15294118,446,-769,0.15294118,446,-769,0.15294118,446,-769,0.15294118,446,-769,0.15294118,446,-769,0.15294118,446,-769,0.15294118,446,-769,0.15294118,446,-769,0.15294118,446,-769,0.15294118,446,-769,0.15294118,446,-769,0.15294118,446,-769,0.15294118,446,-769,0.15294118,446,-769,0.15294118,446,-769,0.15294118,446,-769,0.15294118,446,-769,0.15294118,446,-769,0.15294118,446,-769,0.15294118,446,-769,0.15294118,446,-769,0.15294118,446,-769,0.15294118,446,-769,0.15294118,446,-769,0.15294118,446,-769,0.15294118,446,-769,0.15294118,446,-769,0.15294118,446,-769,0.15294118,446,-769,0.15294118,446,-769,0.15294118,446,-769,0.15294118,446,-769,0.15294118,446,-769,0.15294118,446,-769,0.15294118,446,-769,0.15294118,446,-769,0.15294118,446,-769,0.15294118,446,-769,0.15294118,446,-769,0.15294118,446,-769,0.15294118,446,-769,0.15294118,446,-769,0.15294118,446,-769,0.15294118,446,-769,0.15294118,446,-769,0.15294118,446,-769,0.15294118,446,-769,0.15294118,446,-769,0.15294118,446,-769,0.15294118,446,-769,0.15294118,446,-769,0.15294118,446,-769,0.15294118,446,-769,0.15294118,446,-769,0.15294118,446,-769,0.15294118,446,-769,0.15294118,446,-769,0.15294118,446,-769,0.15294118,446,-769,0.15294118,446,-769,0.15294118,446,-769,0.15294118,446,-769,0.15294118,446,-769,0.15294118,446,-769,0.15294118,446,-769,0.15294118,446,-769,0.15294118,446,-769,0.15294118,446,-769,0.15294118,446,-769,0.15294118,446,-769,0.15294118,446,-769,0.15294118,446,-769,0.15294118,446,-769,0.15294118,446,-769,0.15294118,446,-769,0.15294118,446,-769,0.15294118,446,-769,0.15294118,446,-769,0.15294118,446,-769,0.15294118,446,-769,0.15294118,446,-769,0.15294118,446,-769,0.15294118,446,-769,0.15294118,446,-769,0.15294118,446,-769,0.15294118,446,-769,0.15294118,446,-769,0.15294118,446,-769,0.15294118,446,-769,0.15294118,446,-769,0.15294118,446,-769,0.15294118,446,-769,0.15294118,446,-769,0.15294118,446,-769,0.15294118,446,-769,0.15294118,446,-769,0.15294118,446,-769,0.15294118,446,-769,0.15294118,446,-769,0.15294118,446,-769,0.15294118,1231
0,0,0.18431373,3.0449524,18.878662,0.18431373,9,155.9096,0.18431373,19.723633,423.06543,0.16078432,43.178314,532.9387,0.15686275,76.88376,623.32837,0.14901961,105.74539,677.90894,0.14117648,135.86871,718.5022,0.13333334,152,734,0.07058824,152,734,0.07058824,152,734,0.07058824,152,734,0.07058824,152,734,0.07058824,152,734,0.07058824,152,734,0.07058824,152,734,0.07058824,152,734,0.07058824,152,734,0.07058824,152,734,0.07058824,152,734,0.07058824,152,734,0.07058824,152,734,0.07058824,152,734,0.07058824,152,734,0.07058824,152,734,0.07058824,152,734,0.07058824,152,734,0.07058824,152,734,0.07058824,152,734,0.07058824,152,734,0.07058824,152,734,0.07058824,152,734,0.07058824,152,734,0.07058824,152,734,0.07058824,152,734,0.07058824,152,734,0.07058824,152,734,0.07058824,152,734,0.07058824,152,734,0.07058824,152,734,0.07058824,152,734,0.07058824,152,734,0.07058824,152,734,0.07058824,152,734,0.07058824,152,734,0.07058824,152,734,0.07058824,152,734,0.07058824,152,734,0.07058824,152,734,0.07058824,152,734,0.07058824,152,734,0.07058824,152,734,0.07058824,152,734,0.07058824,152,734,0.07058824,152,734,0.07058824,152,734,0.07058824,152,734,0.07058824,152,734,0.07058824,152,734,0.07058824,152,734,0.07058824,152,734,0.07058824,152,734,0.07058824,152,734,0.07058824,152,734,0.07058824,152,734,0.07058824,152,734,0.07058824,152,734,0.07058824,152,734,0.07058824,152,734,0.07058824,152,734,0.07058824,152,734,0.07058824,152,734,0.07058824,152,734,0.07058824,152,734,0.07058824,152,734,0.07058824,152,734,0.07058824,152,734,0.07058824,152,734,0.07058824,152,734,0.07058824,152,734,0.07058824,152,734,0.07058824,152,734,0.07058824,152,734,0.07058824,152,734,0.07058824,152,734,0.07058824,152,734,0.07058824,152,734,0.07058824,152,734,0.07058824,152,734,0.07058824,152,734,0.07058824,152,734,0.07058824,152,734,0.07058824,152,734,0.07058824,152,734,0.07058824,152,734,0.07058824,152,734,0.07058824,152,734,0.07058824,152,734,0.07058824,152,734,0.07058824,152,734,0.07058824,152,734,0.07058824,152,734,0.07058824,152,734,0.07058824,152,734,0.07058824,152,734,0.07058824,152,734,0.07058824,152,734,0.07058824,152,734,0.07058824,152,734,0.07058824,152,734,0.07058824,152,734,0.07058824,152,734,0.07058824,152,734,0.07058824,152,734,0.07058824,152,734,0.07058824,152,734,0.07058824,152,734,0.07058824,152,734,0.07058824,152,734,0.07058824,152,734,0.07058824,152,734,0.07058824,152,734,0.07058824,152,734,0.07058824,152,734,0.07058824,152,734,0.07058824,152,734,0.07058824,152,734,0.07058824,152,734,0.07058824,152,734,0.07058824,152,734,0.07058824,152,734,0.07058824,152,734,0.07058824,152,734,0.07058824,152,734,0.07058824,152,734,0.07058824,152,734,0.07058824,152,734,0.07058824,152,734,0.07058824,152,734,0.07058824,152,734,0.07058824,152,734,0.07058824,152,734,0.07058824,152,734,0.07058824,152,734,0.07058824,152,734,0.07058824,152,734,0.07058824,152,734,0.07058824,152,734,0.07058824,152,734,0.07058824,152,734,0.07058824,1231
0,0,0.18039216,-52.88678,86.973145,0.18431373,-109.81537,198.89594,0.1764706,-161,314,0.17254902,-198.59763,442.02673,0.17254902,-223.1647,559.8617,0.16470589,-234.6441,737.6118,0.16078432,-233.35886,790.3878,0.16078432,-227.44861,836.75684,0.15686275,-210,877,0.07450981,-210,877,0.07450981,-210,877,0.07450981,-210,877,0.07450981,-210,877,0.07450981,-210,877,0.07450981,-210,877,0.07450981,-210,877,0.07450981,-210,877,0.07450981,-210,877,0.07450981,-210,877,0.07450981,-210,877,0.07450981,-210,877,0.07450981,-210,877,0.07450981,-210,877,0.07450981,-210,877,0.07450981,-210,877,0.07450981,-210,877,0.07450981,-210,877,0.07450981,-210,877,0.07450981,-210,877,0.07450981,-210,877,0.07450981,-210,877,0.07450981,-210,877,0.07450981,-210,877,0.07450981,-210,877,0.07450981,-210,877,0.07450981,-210,877,0.07450981,-210,877,0.07450981,-210,877,0.07450981,-210,877,0.07450981,-210,877,0.07450981,-210,877,0.07450981,-210,877,0.07450981,-210,877,0.07450981,-210,877,0.07450981,-210,877,0.07450981,-210,877,0.07450981,-210,877,0.07450981,-210,877,0.07450981,-210,877,0.07450981,-210,877,0.07450981,-210,877,0.07450981,-210,877,0.07450981,-210,877,0.07450981,-210,877,0.07450981,-210,877,0.07450981,-210,877,0.07450981,-210,877,0.07450981,-210,877,0.07450981,-210,877,0.07450981,-210,877,0.07450981,-210,877,0.07450981,-210,877,0.07450981,-210,877,0.07450981,-210,877,0.07450981,-210,877,0.07450981,-210,877,0.07450981,-210,877,0.07450981,-210,877,0.07450981,-210,877,0.07450981,-210,877,0.07450981,-210,877,0.07450981,-210,877,0.07450981,-210,877,0.07450981,-210,877,0.07450981,-210,877,0.07450981,-210,877,0.07450981,-210,877,0.07450981,-210,877,0.07450981,-210,877,0.07450981,-210,877,0.07450981,-210,877,0.07450981,-210,877,0.07450981,-210,877,0.07450981,-210,877,0.07450981,-210,877,0.07450981,-210,877,0.07450981,-210,877,0.07450981,-210,877,0.07450981,-210,877,0.07450981,-210,877,0.07450981,-210,877,0.07450981,-210,877,0.07450981,-210,877,0.07450981,-210,877,0.07450981,-210,877,0.07450981,-210,877,0.07450981,-210,877,0.07450981,-210,877,0.07450981,-210,877,0.07450981,-210,877,0.07450981,-210,877,0.07450981,-210,877,0.07450981,-210,877,0.07450981,-210,877,0.07450981,-210,877,0.07450981,-210,877,0.07450981,-210,877,0.07450981,-210,877,0.07450981,-210,877,0.07450981,-210,877,0.07450981,-210,877,0.07450981,-210,877,0.07450981,-210,877,0.07450981,-210,877,0.07450981,-210,877,0.07450981,-210,877,0.07450981,-210,877,0.07450981,-210,877,0.07450981,-210,877,0.07450981,-210,877,0.07450981,-210,877,0.07450981,-210,877,0.07450981,-210,877,0.07450981,-210,877,0.07450981,-210,877,0.07450981,-210,877,0.07450981,-210,877,0.07450981,-210,877,0.07450981,-210,877,0.07450981,-210,877,0.07450981,-210,877,0.07450981,-210,877,0.07450981,-210,877,0.07450981,-210,877,0.07450981,-210,877,0.07450981,-210,877,0.07450981,-210,877,0.07450981,-210,877,0.07450981,-210,877,0.07450981,-210,877,0.07450981,-210,877,0.07450981,-210,877,0.07450981,-210,877,0.07450981,-210,877,0.07450981,-210,877,0.07450981,-210,877,0.07450981,-210,877,0.07450981,-210,877,0.07450981,-210,877,0.07450981,1231
0,0,0.18039216,0,0,0.18431373,-8.079956,13.052246,0.1764706,-126.94348,223.62408,0.17254902,-184.43094,356.73767,0.17254902,-233.97388,500.96326,0.17254902,-259.32498,611.7273,0.16470589,-275.13504,702.08044,0.16078432,-279,778.86096,0.16078432,-244.55762,898.35645,0.1254902,-238,908,0.08235294,-238,908,0.08235294,-238,908,0.08235294,-238,908,0.08235294,-238,908,0.08235294,-238,908,0.08235294,-238,908,0.08235294,-238,908,0.08235294,-238,908,0.08235294,-238,908,0.08235294,-238,908,0.08235294,-238,908,0.08235294,-238,908,0.08235294,-238,908,0.08235294,-238,908,0.08235294,-238,908,0.08235294,-238,908,0.08235294,-238,908,0.08235294,-238,908,0.08235294,-238,908,0.08235294,-238,908,0.08235294,-238,908,0.08235294,-238,908,0.08235294,-238,908,0.08235294,-238,908,0.08235294,-238,908,0.08235294,-238,908,0.08235294,-238,908,0.08235294,-238,908,0.08235294,-238,908,0.08235294,-238,908,0.08235294,-238,908,0.08235294,-238,908,0.08235294,-238,908,0.08235294,-238,908,0.08235294,-238,908,0.08235294,-238,908,0.08235294,-238,908,0.08235294,-238,908,0.08235294,-238,908,0.08235294,-238,908,0.08235294,-238,908,0.08235294,-238,908,0.08235294,-238,908,0.08235294,-238,908,0.08235294,-238,908,0.08235294,-238,908,0.08235294,-238,908,0.08235294,-238,908,0.08235294,-238,908,0.08235294,-238,908,0.08235294,-238,908,0.08235294,-238,908,0.08235294,-238,908,0.08235294,-238,908,0.08235294,-238,908,0.08235294,-238,908,0.08235294,-238,908,0.08235294,-238,908,0.08235294,-238,908,0.08235294,-238,908,0.08235294,-238,908,0.08235294,-238,908,0.08235294,-238,908,0.08235294,-238,908,0.08235294,-238,908,0.08235294,-238,908,0.08235294,-238,908,0.08235294,-238,908,0.08235294,-238,908,0.08235294,-238,908,0.08235294,-238,908,0.08235294,-238,908,0.08235294,-238,908,0.08235294,-238,908,0.08235294,-238,908,0.08235294,-238,908,0.08235294,-238,908,0.08235294,-238,908,0.08235294,-238,908,0.08235294,-238,908,0.08235294,-238,908,0.08235294,-238,908,0.08235294,-238,908,0.08235294,-238,908,0.08235294,-238,908,0.08235294,-238,908,0.08235294,-238,908,0.08235294,-238,908,0.08235294,-238,908,0.08235294,-238,908,0.08235294,-238,908,0.08235294,-238,908,0.08235294,-238,908,0.08235294,-238,908,0.08235294,-238,908,0.08235294,-238,908,0.08235294,-238,908,0.08235294,-238,908,0.08235294,-238,908,0.08235294,-238,908,0.08235294,-238,908,0.08235294,-238,908,0.08235294,-238,908,0.08235294,-238,908,0.08235294,-238,908,0.08235294,-238,908,0.08235294,-238,908,0.08235294,-238,908,0.08235294,-238,908,0.08235294,-238,908,0.08235294,-238,908,0.08235294,-238,908,0.08235294,-238,908,0.08235294,-238,908,0.08235294,-238,908,0.08235294,-238,908,0.08235294,-238,908,0.08235294,-238,908,0.08235294,-238,908,0.08235294,-238,908,0.08235294,-238,908,0.08235294,-238,908,0.08235294,-238,908,0.08235294,-238,908,0.08235294,-238,908,0.08235294,-238,908,0.08235294,-238,908,0.08235294,-238,908,0.08235294,-238,908,0.08235294,-238,908,0.08235294,-238,908,0.08235294,-238,908,0.08235294,-238,908,0.08235294,-238,908,0.08235294,-238,908,0.08235294,-238,908,0.08235294,-238,908,0.08235294,-238,908,0.08235294,-238,908,0.08235294,1231
0,0,0.17254902,0,0,0.18431373,-22.340637,32.732544,0.18431373,-107.80939,174.25464,0.18039216,-138.24493,246.46631,0.17254902,-160.03925,313.5271,0.16862746,-172.53778,370.86133,0.16470589,-176.63919,408.9485,0.16078432,-175.37006,439.5199,0.1764706,-174,445.87598,0.18823531,-172.37463,450.8761,0.18823531,-170.37189,455.88428,0.18823531,-168.36053,468.39453,0.18431373,-195.53442,620.5531,0.16078432,-201,705,0.14117648,-191,783,0.050980397,-191,783,0.050980397,-191,783,0.050980397,-191,783,0.050980397,-191,783,0.050980397,-191,783,0.050980397,-191,783,0.050980397,-191,783,0.050980397,-191,783,0.050980397,-191,783,0.050980397,-191,783,0.050980397,-191,783,0.050980397,-191,783,0.050980397,-191,783,0.050980397,-191,783,0.050980397,-191,783,0.050980397,-191,783,0.050980397,-191,783,0.050980397,-191,783,0.050980397,-191,783,0.050980397,-191,783,0.050980397,-191,783,0.050980397,-191,783,0.050980397,-191,783,0.050980397,-191,783,0.050980397,-191,783,0.050980397,-191,783,0.050980397,-191,783,0.050980397,-191,783,0.050980397,-191,783,0.050980397,-191,783,0.050980397,-191,783,0.050980397,-191,783,0.050980397,-191,783,0.050980397,-191,783,0.050980397,-191,783,0.050980397,-191,783,0.050980397,-191,783,0.050980397,-191,783,0.050980397,-191,783,0.050980397,-191,783,0.050980397,-191,783,0.050980397,-191,783,0.050980397,-191,783,0.050980397,-191,783,0.050980397,-191,783,0.050980397,-191,783,0.050980397,-191,783,0.050980397,-191,783,0.050980397,-191,783,0.050980397,-191,783,0.050980397,-191,783,0.050980397,-191,783,0.050980397,-191,783,0.050980397,-191,783,0.050980397,-191,783,0.050980397,-191,783,0.050980397,-191,783,0.050980397,-191,783,0.050980397,-191,783,0.050980397,-191,783,0.050980397,-191,783,0.050980397,-191,783,0.050980397,-191,783,0.050980397,-191,783,0.050980397,-191,783,0.050980397,-191,783,0.050980397,-191,783,0.050980397,-191,783,0.050980397,-191,783,0.050980397,-191,783,0.050980397,-191,783,0.050980397,-191,783,0.050980397,-191,783,0.050980397,-191,783,0.050980397,-191,783,0.050980397,-191,783,0.050980397,-191,783,0.050980397,-191,783,0.050980397,-191,783,0.050980397,-191,783,0.050980397,-191,783,0.050980397,-191,783,0.050980397,-191,783,0.050980397,-191,783,0.050980397,-191,783,0.050980397,-191,783,0.050980397,-191,783,0.050980397,-191,783,0.050980397,-191,783,0.050980397,-191,783,0.050980397,-191,783,0.050980397,-191,783,0.050980397,-191,783,0.050980397,-191,783,0.050980397,-191,783,0.050980397,-191,783,0.050980397,-191,783,0.050980397,-191,783,0.050980397,-191,783,0.050980397,-191,783,0.050980397,-191,783,0.050980397,-191,783,0.050980397,-191,783,0.050980397,-191,783,0.050980397,-191,783,0.050980397,-191,783,0.050980397,-191,783,0.050980397,-191,783,0.050980397,-191,783,0.050980397,-191,783,0.050980397,-191,783,0.050980397,-191,783,0.050980397,-191,783,0.050980397,-191,783,0.050980397,-191,783,0.050980397,-191,783,0.050980397,-191,783,0.050980397,-191,783,0.050980397,-191,783,0.050980397,-191,783,0.050980397,-191,783,0.050980397,-191,783,0.050980397,-191,783,0.050980397,-191,783,0.050980397,-191,783,0.050980397,-191,783,0.050980397,-191,783,0.050980397,-191,783,0.050980397,-191,783,0.050980397,-191,783,0.050980397,-191,783,0.050980397,-191,783,0.050980397,-191,783,0.050980397,-191,783,0.050980397,1231
0,0,0.19607845,18.525543,-8.366394,0.19607845,117.01468,-48.927063,0.18823531,330.32858,-114.22095,0.1764706,459.54785,-143.33545,0.18039216,575.503,-168.27722,0.1764706,657.9163,-184.19934,0.16470589,702,-186,0.050980397,702,-186,0.050980397,702,-186,0.050980397,702,-186,0.050980397,702,-186,0.050980397,702,-186,0.050980397,702,-186,0.050980397,702,-186,0.050980397,702,-186,0.050980397,702,-186,0.050980397,702,-186,0.050980397,702,-186,0.050980397,702,-186,0.050980397,702,-186,0.050980397,702,-186,0.050980397,702,-186,0.050980397,702,-186,0.050980397,702,-186,0.050980397,702,-186,0.050980397,702,-186,0.050980397,702,-186,0.050980397,702,-186,0.050980397,702,-186,0.050980397,702,-186,0.050980397,702,-186,0.050980397,702,-186,0.050980397,702,-186,0.050980397,702,-186,0.050980397,702,-186,0.050980397,702,-186,0.050980397,702,-186,0.050980397,702,-186,0.050980397,702,-186,0.050980397,702,-186,0.050980397,702,-186,0.050980397,702,-186,0.050980397,702,-186,0.050980397,702,-186,0.050980397,702,-186,0.050980397,702,-186,0.050980397,702,-186,0.050980397,702,-186,0.050980397,702,-186,0.050980397,702,-186,0.050980397,702,-186,0.050980397,702,-186,0.050980397,702,-186,0.050980397,702,-186,0.050980397,702,-186,0.050980397,702,-186,0.050980397,702,-186,0.050980397,702,-186,0.050980397,702,-186,0.050980397,702,-186,0.050980397,702,-186,0.050980397,702,-186,0.050980397,702,-186,0.050980397,702,-186,0.050980397,702,-186,0.050980397,702,-186,0.050980397,702,-186,0.050980397,702,-186,0.050980397,702,-186,0.050980397,702,-186,0.050980397,702,-186,0.050980397,702,-186,0.050980397,702,-186,0.050980397,702,-186,0.050980397,702,-186,0.050980397,702,-186,0.050980397,702,-186,0.050980397,702,-186,0.050980397,702,-186,0.050980397,702,-186,0.050980397,702,-186,0.050980397,702,-186,0.050980397,702,-186,0.050980397,702,-186,0.050980397,702,-186,0.050980397,702,-186,0.050980397,702,-186,0.050980397,702,-186,0.050980397,702,-186,0.050980397,702,-186,0.050980397,702,-186,0.050980397,702,-186,0.050980397,702,-186,0.050980397,702,-186,0.050980397,702,-186,0.050980397,702,-186,0.050980397,702,-186,0.050980397,702,-186,0.050980397,702,-186,0.050980397,702,-186,0.050980397,702,-186,0.050980397,702,-186,0.050980397,702,-186,0.050980397,702,-186,0.050980397,702,-186,0.050980397,702,-186,0.050980397,702,-186,0.050980397,702,-186,0.050980397,702,-186,0.050980397,702,-186,0.050980397,702,-186,0.050980397,702,-186,0.050980397,702,-186,0.050980397,702,-186,0.050980397,702,-186,0.050980397,702,-186,0.050980397,702,-186,0.050980397,702,-186,0.050980397,702,-186,0.050980397,702,-186,0.050980397,702,-186,0.050980397,702,-186,0.050980397,702,-186,0.050980397,702,-186,0.050980397,702,-186,0.050980397,702,-186,0.050980397,702,-186,0.050980397,702,-186,0.050980397,702,-186,0.050980397,702,-186,0.050980397,702,-186,0.050980397,702,-186,0.050980397,702,-186,0.050980397,702,-186,0.050980397,702,-186,0.050980397,702,-186,0.050980397,702,-186,0.050980397,702,-186,0.050980397,702,-186,0.050980397,702,-186,0.050980397,702,-186,0.050980397,702,-186,0.050980397,702,-186,0.050980397,702,-186,0.050980397,702,-186,0.050980397,702,-186,0.050980397,702,-186,0.050980397,702,-186,0.050980397,702,-186,0.050980397,1231
0,0,0.19607845,0,0,0.18823531,23.044495,-25.28894,0.18431373,114.55063,-105.662964,0.18039216,363.50806,-265.82123,0.1764706,493.22504,-325.98157,0.17254902,571.7126,-350.214,0.16078432,613.00635,-356.29486,0.15686275,650.3039,-358,0.09411766,651,-358,0.0627451,651,-358,0.0627451,651,-358,0.0627451,651,-358,0.0627451,651,-358,0.0627451,651,-358,0.0627451,651,-358,0.0627451,651,-358,0.0627451,651,-358,0.0627451,651,-358,0.0627451,651,-358,0.0627451,651,-358,0.0627451,651,-358,0.0627451,651,-358,0.0627451,651,-358,0.0627451,651,-358,0.0627451,651,-358,0.0627451,651,-358,0.0627451,651,-358,0.0627451,651,-358,0.0627451,651,-358,0.0627451,651,-358,0.0627451,651,-358,0.0627451,651,-358,0.0627451,651,-358,0.0627451,651,-358,0.0627451,651,-358,0.0627451,651,-358,0.0627451,651,-358,0.0627451,651,-358,0.0627451,651,-358,0.0627451,651,-358,0.0627451,651,-358,0.0627451,651,-358,0.0627451,651,-358,0.0627451,651,-358,0.0627451,651,-358,0.0627451,651,-358,0.0627451,651,-358,0.0627451,651,-358,0.0627451,651,-358,0.0627451,651,-358,0.0627451,651,-358,0.0627451,651,-358,0.0627451,651,-358,0.0627451,651,-358,0.0627451,651,-358,0.0627451,651,-358,0.0627451,651,-358,0.0627451,651,-358,0.0627451,651,-358,0.0627451,651,-358,0.0627451,651,-358,0.0627451,651,-358,0.0627451,651,-358,0.0627451,651,-358,0.0627451,651,-358,0.0627451,651,-358,0.0627451,651,-358,0.0627451,651,-358,0.0627451,651,-358,0.0627451,651,-358,0.0627451,651,-358,0.0627451,651,-358,0.0627451,651,-358,0.0627451,651,-358,0.0627451,651,-358,0.0627451,651,-358,0.0627451,651,-358,0.0627451,651,-358,0.0627451,651,-358,0.0627451,651,-358,0.0627451,651,-358,0.0627451,651,-358,0.0627451,651,-358,0.0627451,651,-358,0.0627451,651,-358,0.0627451,651,-358,0.0627451,651,-358,0.0627451,651,-358,0.0627451,651,-358,0.0627451,651,-358,0.0627451,651,-358,0.0627451,651,-358,0.0627451,651,-358,0.0627451,651,-358,0.0627451,651,-358,0.0627451,651,-358,0.0627451,651,-358,0.0627451,651,-358,0.0627451,651,-358,0.0627451,651,-358,0.0627451,651,-358,0.0627451,651,-358,0.0627451,651,-358,0.0627451,651,-358,0.0627451,651,-358,0.0627451,651,-358,0.0627451,651,-358,0.0627451,651,-358,0.0627451,651,-358,0.0627451,651,-358,0.0627451,651,-358,0.0627451,651,-358,0.0627451,651,-358,0.0627451,651,-358,0.0627451,651,-358,0.0627451,651,-358,0.0627451,651,-358,0.0627451,651,-358,0.0627451,651,-358,0.0627451,651,-358,0.0627451,651,-358,0.0627451,651,-358,0.0627451,651,-358,0.0627451,651,-358,0.0627451,651,-358,0.0627451,651,-358,0.0627451,651,-358,0.0627451,651,-358,0.0627451,651,-358,0.0627451,651,-358,0.0627451,651,-358,0.0627451,651,-358,0.0627451,651,-358,0.0627451,651,-358,0.0627451,651,-358,0.0627451,651,-358,0.0627451,651,-358,0.0627451,651,-358,0.0627451,651,-358,0.0627451,651,-358,0.0627451,651,-358,0.0627451,651,-358,0.0627451,651,-358,0.0627451,651,-358,0.0627451,651,-358,0.0627451,651,-358,0.0627451,651,-358,0.0627451,651,-358,0.0627451,651,-358,0.0627451,1231
0,0,0.19215688,0,0,0.19215688,93.655304,-51.959595,0.18039216,200.05588,-107.47864,0.17254902,329.9395,-175.40857,0.1764706,471.45728,-251.12506,0.17254902,579.4496,-309.6823,0.16078432,668.84015,-355.92004,0.14509805,682.32135,-361.66064,0.08235294,683,-362,0.043137256,683,-362,0.043137256,683,-362,0.043137256,683,-362,0.043137256,683,-362,0.043137256,683,-362,0.043137256,683,-362,0.043137256,683,-362,0.043137256,683,-362,0.043137256,683,-362,0.043137256,683,-362,0.043137256,683,-362,0.043137256,683,-362,0.043137256,683,-362,0.043137256,683,-362,0.043137256,683,-362,0.043137256,683,-362,0.043137256,683,-362,0.043137256,683,-362,0.043137256,683,-362,0.043137256,683,-362,0.043137256,683,-362,0.043137256,683,-362,0.043137256,683,-362,0.043137256,683,-362,0.043137256,683,-362,0.043137256,683,-362,0.043137256,683,-362,0.043137256,683,-362,0.043137256,683,-362,0.043137256,683,-362,0.043137256,683,-362,0.043137256,683,-362,0.043137256,683,-362,0.043137256,683,-362,0.043137256,683,-362,0.043137256,683,-362,0.043137256,683,-362,0.043137256,683,-362,0.043137256,683,-362,0.043137256,683,-362,0.043137256,683,-362,0.043137256,683,-362,0.043137256,683,-362,0.043137256,683,-362,0.043137256,683,-362,0.043137256,683,-362,0.043137256,683,-362,0.043137256,683,-362,0.043137256,683,-362,0.043137256,683,-362,0.043137256,683,-362,0.043137256,683,-362,0.043137256,683,-362,0.043137256,683,-362,0.043137256,683,-362,0.043137256,683,-362,0.043137256,683,-362,0.043137256,683,-362,0.043137256,683,-362,0.043137256,683,-362,0.043137256,683,-362,0.043137256,683,-362,0.043137256,683,-362,0.043137256,683,-362,0.043137256,683,-362,0.043137256,683,-362,0.043137256,683,-362,0.043137256,683,-362,0.043137256,683,-362,0.043137256,683,-362,0.043137256,683,-362,0.043137256,683,-362,0.043137256,683,-362,0.043137256,683,-362,0.043137256,683,-362,0.043137256,683,-362,0.043137256,683,-362,0.043137256,683,-362,0.043137256,683,-362,0.043137256,683,-362,0.043137256,683,-362,0.043137256,683,-362,0.043137256,683,-362,0.043137256,683,-362,0.043137256,683,-362,0.043137256,683,-362,0.043137256,683,-362,0.043137256,683,-362,0.043137256,683,-362,0.043137256,683,-362,0.043137256,683,-362,0.043137256,683,-362,0.043137256,683,-362,0.043137256,683,-362,0.043137256,683,-362,0.043137256,683,-362,0.043137256,683,-362,0.043137256,683,-362,0.043137256,683,-362,0.043137256,683,-362,0.043137256,683,-362,0.043137256,683,-362,0.043137256,683,-362,0.043137256,683,-362,0.043137256,683,-362,0.043137256,683,-362,0.043137256,683,-362,0.043137256,683,-362,0.043137256,683,-362,0.043137256,683,-362,0.043137256,683,-362,0.043137256,683,-362,0.043137256,683,-362,0.043137256,683,-362,0.043137256,683,-362,0.043137256,683,-362,0.043137256,683,-362,0.043137256,683,-362,0.043137256,683,-362,0.043137256,683,-362,0.043137256,683,-362,0.043137256,683,-362,0.043137256,683,-362,0.043137256,683,-362,0.043137256,683,-362,0.043137256,683,-362,0.043137256,683,-362,0.043137256,683,-362,0.043137256,683,-362,0.043137256,683,-362,0.043137256,683,-362,0.043137256,683,-362,0.043137256,683,-362,0.043137256,683,-362,0.043137256,683,-362,0.043137256,683,-362,0.043137256,683,-362,0.043137256,683,-362,0.043137256,683,-362,0.043137256,683,-362,0.043137256,1231
0,0,0.19607845,0,0,0.20000002,32.532166,-14.106445,0.18431373,141.56519,-67.16101,0.1764706,246.70425,-120.165344,0.17254902,369.01715,-183.32019,0.16862746,487.06415,-235.08112,0.16470589,624.7327,-263.63666,0.15686275,655.0118,-260.72516,0.15294118,669.6069,-253.39313,0.12941177,672,-250,0.04705883,672,-250,0.04705883,672,-250,0.04705883,672,-250,0.04705883,672,-250,0.04705883,672,-250,0.04705883,672,-250,0.04705883,672,-250,0.04705883,672,-250,0.04705883,672,-250,0.04705883,672,-250,0.04705883,672,-250,0.04705883,672,-250,0.04705883,672,-250,0.04705883,672,-250,0.04705883,672,-250,0.04705883,672,-250,0.04705883,672,-250,0.04705883,672,-250,0.04705883,672,-250,0.04705883,672,-250,0.04705883,672,-250,0.04705883,672,-250,0.04705883,672,-250,0.04705883,672,-250,0.04705883,672,-250,0.04705883,672,-250,0.04705883,672,-250,0.04705883,672,-250,0.04705883,672,-250,0.04705883,672,-250,0.04705883,672,-250,0.04705883,672,-250,0.04705883,672,-250,0.04705883,672,-250,0.04705883,672,-250,0.04705883,672,-250,0.04705883,672,-250,0.04705883,672,-250,0.04705883,672,-250,0.04705883,672,-250,0.04705883,672,-250,0.04705883,672,-250,0.04705883,672,-250,0.04705883,672,-250,0.04705883,672,-250,0.04705883,672,-250,0.04705883,672,-250,0.04705883,672,-250,0.04705883,672,-250,0.04705883,672,-250,0.04705883,672,-250,0.04705883,672,-250,0.04705883,672,-250,0.04705883,672,-250,0.04705883,672,-250,0.04705883,672,-250,0.04705883,672,-250,0.04705883,672,-250,0.04705883,672,-250,0.04705883,672,-250,0.04705883,672,-250,0.04705883,672,-250,0.04705883,672,-250,0.04705883,672,-250,0.04705883,672,-250,0.04705883,672,-250,0.04705883,672,-250,0.04705883,672,-250,0.04705883,672,-250,0.04705883,672,-250,0.04705883,672,-250,0.04705883,672,-250,0.04705883,672,-250,0.04705883,672,-250,0.04705883,672,-250,0.04705883,672,-250,0.04705883,672,-250,0.04705883,672,-250,0.04705883,672,-250,0.04705883,672,-250,0.04705883,672,-250,0.04705883,672,-250,0.04705883,672,-250,0.04705883,672,-250,0.04705883,672,-250,0.04705883,672,-250,0.04705883,672,-250,0.04705883,672,-250,0.04705883,672,-250,0.04705883,672,-250,0.04705883,672,-250,0.04705883,672,-250,0.04705883,672,-250,0.04705883,672,-250,0.04705883,672,-250,0.04705883,672,-250,0.04705883,672,-250,0.04705883,672,-250,0.04705883,672,-250,0.04705883,672,-250,0.04705883,672,-250,0.04705883,672,-250,0.04705883,672,-250,0.04705883,672,-250,0.04705883,672,-250,0.04705883,672,-250,0.04705883,672,-250,0.04705883,672,-250,0.04705883,672,-250,0.04705883,672,-250,0.04705883,672,-250,0.04705883,672,-250,0.04705883,672,-250,0.04705883,672,-250,0.04705883,672,-250,0.04705883,672,-250,0.04705883,672,-250,0.04705883,672,-250,0.04705883,672,-250,0.04705883,672,-250,0.04705883,672,-250,0.04705883,672,-250,0.04705883,672,-250,0.04705883,672,-250,0.04705883,672,-250,0.04705883,672,-250,0.04705883,672,-250,0.04705883,672,-250,0.04705883,672,-250,0.04705883,672,-250,0.04705883,672,-250,0.04705883,672,-250,0.04705883,672,-250,0.04705883,672,-250,0.04705883,672,-250,0.04705883,672,-250,0.04705883,672,-250,0.04705883,672,-250,0.04705883,672,-250,0.04705883,1231
0,0,0.19607845,0,0,0.20392159,13.279526,-14.607422,0.19607845,99.96875,-100.60437,0.18823531,186.57059,-177.1358,0.18039216,285.43622,-256.266,0.1764706,380.81616,-333.117,0.17254902,482.73846,-413.72186,0.17254902,499.35852,-425.68677,0.16862746,504.6842,-429,0.16470589,506,-429,0.06666667,506,-429,0.06666667,506,-429,0.06666667,506,-429,0.06666667,506,-429,0.06666667,506,-429,0.06666667,506,-429,0.06666667,506,-429,0.06666667,506,-429,0.06666667,506,-429,0.06666667,506,-429,0.06666667,506,-429,0.06666667,506,-429,0.06666667,506,-429,0.06666667,506,-429,0.06666667,506,-429,0.06666667,506,-429,0.06666667,506,-429,0.06666667,506,-429,0.06666667,506,-429,0.06666667,506,-429,0.06666667,506,-429,0.06666667,506,-429,0.06666667,506,-429,0.06666667,506,-429,0.06666667,506,-429,0.06666667,506,-429,0.06666667,506,-429,0.06666667,506,-429,0.06666667,506,-429,0.06666667,506,-429,0.06666667,506,-429,0.06666667,506,-429,0.06666667,506,-429,0.06666667,506,-429,0.06666667,506,-429,0.06666667,506,-429,0.06666667,506,-429,0.06666667,506,-429,0.06666667,506,-429,0.06666667,506,-429,0.06666667,506,-429,0.06666667,506,-429,0.06666667,506,-429,0.06666667,506,-429,0.06666667,506,-429,0.06666667,506,-429,0.06666667,506,-429,0.06666667,506,-429,0.06666667,506,-429,0.06666667,506,-429,0.06666667,506,-429,0.06666667,506,-429,0.06666667,506,-429,0.06666667,506,-429,0.06666667,506,-429,0.06666667,506,-429,0.06666667,506,-429,0.06666667,506,-429,0.06666667,506,-429,0.06666667,506,-429,0.06666667,506,-429,0.06666667,506,-429,0.06666667,506,-429,0.06666667,506,-429,0.06666667,506,-429,0.06666667,506,-429,0.06666667,506,-429,0.06666667,506,-429,0.06666667,506,-429,0.06666667,506,-429,0.06666667,506,-429,0.06666667,506,-429,0.06666667,506,-429,0.06666667,506,-429,0.06666667,506,-429,0.06666667,506,-429,0.06666667,506,-429,0.06666667,506,-429,0.06666667,506,-429,0.06666667,506,-429,0.06666667,506,-429,0.06666667,506,-429,0.06666667,506,-429,0.06666667,506,-429,0.06666667,506,-429,0.06666667,506,-429,0.06666667,506,-429,0.06666667,506,-429,0.06666667,506,-429,0.06666667,506,-429,0.06666667,506,-429,0.06666667,506,-429,0.06666667,506,-429,0.06666667,506,-429,0.06666667,506,-429,0.06666667,506,-429,0.06666667,506,-429,0.06666667,506,-429,0.06666667,506,-429,0.06666667,506,-429,0.06666667,506,-429,0.06666667,506,-429,0.06666667,506,-429,0.06666667,506,-429,0.06666667,506,-429,0.06666667,506,-429,0.06666667,506,-429,0.06666667,506,-429,0.06666667,506,-429,0.06666667,506,-429,0.06666667,506,-429,0.06666667,506,-429,0.06666667,506,-429,0.06666667,506,-429,0.06666667,506,-429,0.06666667,506,-429,0.06666667,506,-429,0.06666667,506,-429,0.06666667,506,-429,0.06666667,506,-429,0.06666667,506,-429,0.06666667,506,-429,0.06666667,506,-429,0.06666667,506,-429,0.06666667,506,-429,0.06666667,506,-429,0.06666667,506,-429,0.06666667,506,-429,0.06666667,506,-429,0.06666667,506,-429,0.06666667,506,-429,0.06666667,506,-429,0.06666667,506,-429,0.06666667,506,-429,0.06666667,506,-429,0.06666667,506,-429,0.06666667,506,-429,0.06666667,506,-429,0.06666667,506,-429,0.06666667,12312222
0,0,0.18039216,6.737671,-29.863281,0.1764706,42.52472,-144.99597,0.1764706,82.5,-242.5,0.1764706,154.33716,-364.69043,0.1764706,222.19989,-458.98737,0.1764706,301.7163,-552.0023,0.17254902,319.81262,-571.44806,0.17254902,327,-579,0.16078432,327,-579,0.16078432,327,-579,0.16078432,327,-579,0.16078432,327,-579,0.16078432,327,-579,0.16078432,327,-579,0.16078432,327,-579,0.16078432,327,-579,0.16078432,327,-579,0.16078432,327,-579,0.16078432,327,-579,0.16078432,327,-579,0.16078432,327,-579,0.16078432,327,-579,0.16078432,327,-579,0.16078432,327,-579,0.16078432,327,-579,0.16078432,327,-579,0.16078432,327,-579,0.16078432,327,-579,0.16078432,327,-579,0.16078432,327,-579,0.16078432,327,-579,0.16078432,327,-579,0.16078432,327,-579,0.16078432,327,-579,0.16078432,327,-579,0.16078432,327,-579,0.16078432,327,-579,0.16078432,327,-579,0.16078432,327,-579,0.16078432,327,-579,0.16078432,327,-579,0.16078432,327,-579,0.16078432,327,-579,0.16078432,327,-579,0.16078432,327,-579,0.16078432,327,-579,0.16078432,327,-579,0.16078432,327,-579,0.16078432,327,-579,0.16078432,327,-579,0.16078432,327,-579,0.16078432,327,-579,0.16078432,327,-579,0.16078432,327,-579,0.16078432,327,-579,0.16078432,327,-579,0.16078432,327,-579,0.16078432,327,-579,0.16078432,327,-579,0.16078432,327,-579,0.16078432,327,-579,0.16078432,327,-579,0.16078432,327,-579,0.16078432,327,-579,0.16078432,327,-579,0.16078432,327,-579,0.16078432,327,-579,0.16078432,327,-579,0.16078432,327,-579,0.16078432,327,-579,0.16078432,327,-579,0.16078432,327,-579,0.16078432,327,-579,0.16078432,327,-579,0.16078432,327,-579,0.16078432,327,-579,0.16078432,327,-579,0.16078432,327,-579,0.16078432,327,-579,0.16078432,327,-579,0.16078432,327,-579,0.16078432,327,-579,0.16078432,327,-579,0.16078432,327,-579,0.16078432,327,-579,0.16078432,327,-579,0.16078432,327,-579,0.16078432,327,-579,0.16078432,327,-579,0.16078432,327,-579,0.16078432,327,-579,0.16078432,327,-579,0.16078432,327,-579,0.16078432,327,-579,0.16078432,327,-579,0.16078432,327,-579,0.16078432,327,-579,0.16078432,327,-579,0.16078432,327,-579,0.16078432,327,-579,0.16078432,327,-579,0.16078432,327,-579,0.16078432,327,-579,0.16078432,327,-579,0.16078432,327,-579,0.16078432,327,-579,0.16078432,327,-579,0.16078432,327,-579,0.16078432,327,-579,0.16078432,327,-579,0.16078432,327,-579,0.16078432,327,-579,0.16078432,327,-579,0.16078432,327,-579,0.16078432,327,-579,0.16078432,327,-579,0.16078432,327,-579,0.16078432,327,-579,0.16078432,327,-579,0.16078432,327,-579,0.16078432,327,-579,0.16078432,327,-579,0.16078432,327,-579,0.16078432,327,-579,0.16078432,327,-579,0.16078432,327,-579,0.16078432,327,-579,0.16078432,327,-579,0.16078432,327,-579,0.16078432,327,-579,0.16078432,327,-579,0.16078432,327,-579,0.16078432,327,-579,0.16078432,327,-579,0.16078432,327,-579,0.16078432,327,-579,0.16078432,327,-579,0.16078432,327,-579,0.16078432,327,-579,0.16078432,327,-579,0.16078432,327,-579,0.16078432,327,-579,0.16078432,327,-579,0.16078432,327,-579,0.16078432,327,-579,0.16078432,327,-579,0.16078432,327,-579,0.16078432,327,-579,0.16078432,327,-579,0.16078432,12312222
0,0,0.1764706,0,0,0.18039216,6.2530518,-14.38208,0.18039216,53.465454,-114.64258,0.1764706,106.82422,-220.38257,0.1764706,165.1026,-323.6715,0.1764706,278.5957,-505.9417,0.17254902,311.47418,-553.0006,0.1764706,335.34314,-580.9775,0.17254902,346.93768,-593.5836,0.16862746,349.64435,-596.64435,0.16470589,350,-597,0.0627451,350,-597,0.0627451,350,-597,0.0627451,350,-597,0.0627451,350,-597,0.0627451,350,-597,0.0627451,350,-597,0.0627451,350,-597,0.0627451,350,-597,0.0627451,350,-597,0.0627451,350,-597,0.0627451,350,-597,0.0627451,350,-597,0.0627451,294,-863,0.19607845,294,-863,0.19215688,294,-863,0.16470589,294,-863,0.16470589,294,-863,0.16470589,294,-863,0.16470589,294,-863,0.16470589,294,-863,0.16470589,294,-863,0.16470589,294,-863,0.16470589,294,-863,0.16470589,294,-863,0.16470589,294,-863,0.16470589,294,-863,0.16470589,294,-863,0.16470589,294,-863,0.16470589,294,-863,0.16470589,294,-863,0.16470589,294,-863,0.16470589,294,-863,0.16470589,294,-863,0.16470589,294,-863,0.16470589,294,-863,0.16470589,294,-863,0.16470589,294,-863,0.16470589,294,-863,0.16470589,294,-863,0.16470589,294,-863,0.16470589,294,-863,0.16470589,294,-863,0.16470589,294,-863,0.16470589,294,-863,0.16470589,294,-863,0.16470589,294,-863,0.16470589,294,-863,0.16470589,294,-863,0.16470589,294,-863,0.16470589,294,-863,0.16470589,294,-863,0.16470589,294,-863,0.16470589,294,-863,0.16470589,294,-863,0.16470589,294,-863,0.16470589,294,-863,0.16470589,294,-863,0.16470589,294,-863,0.16470589,294,-863,0.16470589,294,-863,0.16470589,294,-863,0.16470589,294,-863,0.16470589,294,-863,0.16470589,294,-863,0.16470589,294,-863,0.16470589,294,-863,0.16470589,294,-863,0.16470589,294,-863,0.16470589,294,-863,0.16470589,294,-863,0.16470589,294,-863,0.16470589,294,-863,0.16470589,294,-863,0.16470589,294,-863,0.16470589,294,-863,0.16470589,294,-863,0.16470589,294,-863,0.16470589,294,-863,0.16470589,294,-863,0.16470589,294,-863,0.16470589,294,-863,0.16470589,294,-863,0.16470589,294,-863,0.16470589,294,-863,0.16470589,294,-863,0.16470589,294,-863,0.16470589,294,-863,0.16470589,294,-863,0.16470589,294,-863,0.16470589,294,-863,0.16470589,294,-863,0.16470589,294,-863,0.16470589,294,-863,0.16470589,294,-863,0.16470589,294,-863,0.16470589,294,-863,0.16470589,294,-863,0.16470589,294,-863,0.16470589,294,-863,0.16470589,294,-863,0.16470589,294,-863,0.16470589,294,-863,0.16470589,294,-863,0.16470589,294,-863,0.16470589,294,-863,0.16470589,294,-863,0.16470589,294,-863,0.16470589,294,-863,0.16470589,294,-863,0.16470589,294,-863,0.16470589,294,-863,0.16470589,294,-863,0.16470589,294,-863,0.16470589,294,-863,0.16470589,294,-863,0.16470589,294,-863,0.16470589,294,-863,0.16470589,294,-863,0.16470589,294,-863,0.16470589,294,-863,0.16470589,294,-863,0.16470589,294,-863,0.16470589,294,-863,0.16470589,294,-863,0.16470589,294,-863,0.16470589,294,-863,0.16470589,294,-863,0.16470589,294,-863,0.16470589,294,-863,0.16470589,294,-863,0.16470589,294,-863,0.16470589,294,-863,0.16470589,294,-863,0.16470589,294,-863,0.16470589,294,-863,0.16470589,294,-863,0.16470589,294,-863,0.16470589,294,-863,0.16470589,12312222
0,0,0.1764706,0,0,0.18431373,0,0,0.18431373,-28.723236,-120.52881,0.18431373,-45.13388,-192.30872,0.18431373,-64.601,-258.0476,0.18431373,-78.817444,-297.1798,0.18039216,-89.14833,-326.18567,0.18039216,-105.27054,-363.81158,0.16470589,-106,-366,0.121568635,-106,-366,0.078431375,-106,-366,0.078431375,-106,-366,0.078431375,-106,-366,0.078431375,-106,-366,0.078431375,-106,-366,0.078431375,-106,-366,0.078431375,-106,-366,0.078431375,-106,-366,0.078431375,-106,-366,0.078431375,-106,-366,0.078431375,-106,-366,0.078431375,-106,-366,0.078431375,-106,-366,0.078431375,-106,-366,0.078431375,-106,-366,0.078431375,-106,-366,0.078431375,-106,-366,0.078431375,-106,-366,0.078431375,-106,-366,0.078431375,-106,-366,0.078431375,-106,-366,0.078431375,-106,-366,0.078431375,-106,-366,0.078431375,-106,-366,0.078431375,-106,-366,0.078431375,-106,-366,0.078431375,-106,-366,0.078431375,-106,-366,0.078431375,-106,-366,0.078431375,-106,-366,0.078431375,-106,-366,0.078431375,-106,-366,0.078431375,-106,-366,0.078431375,-106,-366,0.078431375,-106,-366,0.078431375,-106,-366,0.078431375,-106,-366,0.078431375,-106,-366,0.078431375,-106,-366,0.078431375,-106,-366,0.078431375,-106,-366,0.078431375,-106,-366,0.078431375,-106,-366,0.078431375,-106,-366,0.078431375,-106,-366,0.078431375,-106,-366,0.078431375,-106,-366,0.078431375,-106,-366,0.078431375,-106,-366,0.078431375,-106,-366,0.078431375,-106,-366,0.078431375,-106,-366,0.078431375,-106,-366,0.078431375,-106,-366,0.078431375,-106,-366,0.078431375,-106,-366,0.078431375,-106,-366,0.078431375,-106,-366,0.078431375,-106,-366,0.078431375,-106,-366,0.078431375,-106,-366,0.078431375,-106,-366,0.078431375,-106,-366,0.078431375,-106,-366,0.078431375,-106,-366,0.078431375,-106,-366,0.078431375,-106,-366,0.078431375,-106,-366,0.078431375,-106,-366,0.078431375,-106,-366,0.078431375,-106,-366,0.078431375,-106,-366,0.078431375,-106,-366,0.078431375,-106,-366,0.078431375,-106,-366,0.078431375,-106,-366,0.078431375,-106,-366,0.078431375,-106,-366,0.078431375,-106,-366,0.078431375,-106,-366,0.078431375,-106,-366,0.078431375,-106,-366,0.078431375,-106,-366,0.078431375,-106,-366,0.078431375,-106,-366,0.078431375,-106,-366,0.078431375,-106,-366,0.078431375,-106,-366,0.078431375,-106,-366,0.078431375,-106,-366,0.078431375,-106,-366,0.078431375,-106,-366,0.078431375,-106,-366,0.078431375,-106,-366,0.078431375,-106,-366,0.078431375,-106,-366,0.078431375,-106,-366,0.078431375,-106,-366,0.078431375,-106,-366,0.078431375,-106,-366,0.078431375,-106,-366,0.078431375,-106,-366,0.078431375,-106,-366,0.078431375,-106,-366,0.078431375,-106,-366,0.078431375,-106,-366,0.078431375,-106,-366,0.078431375,-106,-366,0.078431375,-106,-366,0.078431375,-106,-366,0.078431375,-106,-366,0.078431375,-106,-366,0.078431375,-106,-366,0.078431375,-106,-366,0.078431375,-106,-366,0.078431375,-106,-366,0.078431375,-106,-366,0.078431375,-106,-366,0.078431375,-106,-366,0.078431375,-106,-366,0.078431375,-106,-366,0.078431375,-106,-366,0.078431375,-106,-366,0.078431375,-106,-366,0.078431375,-106,-366,0.078431375,-106,-366,0.078431375,-106,-366,0.078431375,-106,-366,0.078431375,-106,-366,0.078431375,-106,-366,0.078431375,-106,-366,0.078431375,-106,-366,0.078431375,-106,-366,0.078431375,-106,-366,0.078431375,-106,-366,0.078431375,-106,-366,0.078431375,-106,-366,0.078431375,-106,-366,0.078431375,-106,-366,0.078431375,12312222
0,0,0.18039216,0,0,0.18431373,-12.60498,-23.96228,0.18431373,-58,-108,0.18431373,-98.98096,-190.10742,0.18431373,-189.182,-344.01544,0.18039216,-234.34561,-409.46082,0.18039216,-277.62274,-466.14728,0.1764706,-311.72144,-508.83618,0.1764706,-340.84216,-541.84216,0.17254902,-379.56082,-581.56085,0.14509805,-383,-586,0.058823533,-383,-586,0.058823533,-383,-586,0.058823533,-383,-586,0.058823533,-383,-586,0.058823533,-383,-586,0.058823533,-383,-586,0.058823533,-383,-586,0.058823533,-383,-586,0.058823533,-383,-586,0.058823533,-383,-586,0.058823533,-383,-586,0.058823533,-383,-586,0.058823533,-383,-586,0.058823533,-383,-586,0.058823533,-383,-586,0.058823533,-383,-586,0.058823533,-383,-586,0.058823533,-383,-586,0.058823533,-383,-586,0.058823533,-383,-586,0.058823533,-383,-586,0.058823533,-383,-586,0.058823533,-383,-586,0.058823533,-383,-586,0.058823533,-383,-586,0.058823533,-383,-586,0.058823533,-383,-586,0.058823533,-383,-586,0.058823533,-383,-586,0.058823533,-383,-586,0.058823533,-383,-586,0.058823533,-383,-586,0.058823533,-383,-586,0.058823533,-383,-586,0.058823533,-383,-586,0.058823533,-383,-586,0.058823533,-383,-586,0.058823533,-383,-586,0.058823533,-383,-586,0.058823533,-383,-586,0.058823533,-383,-586,0.058823533,-383,-586,0.058823533,-383,-586,0.058823533,-383,-586,0.058823533,-383,-586,0.058823533,-383,-586,0.058823533,-383,-586,0.058823533,-383,-586,0.058823533,-383,-586,0.058823533,-383,-586,0.058823533,-383,-586,0.058823533,-383,-586,0.058823533,-383,-586,0.058823533,-383,-586,0.058823533,-383,-586,0.058823533,-383,-586,0.058823533,-383,-586,0.058823533,-383,-586,0.058823533,-383,-586,0.058823533,-383,-586,0.058823533,-383,-586,0.058823533,-383,-586,0.058823533,-383,-586,0.058823533,-383,-586,0.058823533,-383,-586,0.058823533,-383,-586,0.058823533,-383,-586,0.058823533,-383,-586,0.058823533,-383,-586,0.058823533,-383,-586,0.058823533,-383,-586,0.058823533,-383,-586,0.058823533,-383,-586,0.058823533,-383,-586,0.058823533,-383,-586,0.058823533,-383,-586,0.058823533,-383,-586,0.058823533,-383,-586,0.058823533,-383,-586,0.058823533,-383,-586,0.058823533,-383,-586,0.058823533,-383,-586,0.058823533,-383,-586,0.058823533,-383,-586,0.058823533,-383,-586,0.058823533,-383,-586,0.058823533,-383,-586,0.058823533,-383,-586,0.058823533,-383,-586,0.058823533,-383,-586,0.058823533,-383,-586,0.058823533,-383,-586,0.058823533,-383,-586,0.058823533,-383,-586,0.058823533,-383,-586,0.058823533,-383,-586,0.058823533,-383,-586,0.058823533,-383,-586,0.058823533,-383,-586,0.058823533,-383,-586,0.058823533,-383,-586,0.058823533,-383,-586,0.058823533,-383,-586,0.058823533,-383,-586,0.058823533,-383,-586,0.058823533,-383,-586,0.058823533,-383,-586,0.058823533,-383,-586,0.058823533,-383,-586,0.058823533,-383,-586,0.058823533,-383,-586,0.058823533,-383,-586,0.058823533,-383,-586,0.058823533,-383,-586,0.058823533,-383,-586,0.058823533,-383,-586,0.058823533,-383,-586,0.058823533,-383,-586,0.058823533,-383,-586,0.058823533,-383,-586,0.058823533,-383,-586,0.058823533,-383,-586,0.058823533,-383,-586,0.058823533,-383,-586,0.058823533,-383,-586,0.058823533,-383,-586,0.058823533,-383,-586,0.058823533,-383,-586,0.058823533,-383,-586,0.058823533,-383,-586,0.058823533,-383,-586,0.058823533,-383,-586,0.058823533,-383,-586,0.058823533,-383,-586,0.058823533,-383,-586,0.058823533,-383,-586,0.058823533,-383,-586,0.058823533,-383,-586,0.058823533,12312222
0,0,0.19215688,1.1440582,-1.7160645,0.18823531,58.20276,-68.505615,0.18431373,236.4151,-252.17365,0.1764706,348.57184,-353.5432,0.17254902,442.6256,-428.12543,0.16862746,498.1021,-465.00653,0.15686275,521.76605,-475.88306,0.1137255,526,-477,0.054901965,526,-477,0.054901965,526,-477,0.054901965,526,-477,0.054901965,526,-477,0.054901965,526,-477,0.054901965,526,-477,0.054901965,526,-477,0.054901965,526,-477,0.054901965,526,-477,0.054901965,526,-477,0.054901965,526,-477,0.054901965,526,-477,0.054901965,526,-477,0.054901965,526,-477,0.054901965,526,-477,0.054901965,526,-477,0.054901965,526,-477,0.054901965,526,-477,0.054901965,526,-477,0.054901965,526,-477,0.054901965,526,-477,0.054901965,526,-477,0.054901965,526,-477,0.054901965,526,-477,0.054901965,526,-477,0.054901965,526,-477,0.054901965,526,-477,0.054901965,526,-477,0.054901965,526,-477,0.054901965,526,-477,0.054901965,526,-477,0.054901965,526,-477,0.054901965,526,-477,0.054901965,526,-477,0.054901965,526,-477,0.054901965,526,-477,0.054901965,526,-477,0.054901965,526,-477,0.054901965,526,-477,0.054901965,526,-477,0.054901965,526,-477,0.054901965,526,-477,0.054901965,526,-477,0.054901965,526,-477,0.054901965,526,-477,0.054901965,526,-477,0.054901965,526,-477,0.054901965,526,-477,0.054901965,526,-477,0.054901965,526,-477,0.054901965,526,-477,0.054901965,526,-477,0.054901965,526,-477,0.054901965,526,-477,0.054901965,526,-477,0.054901965,526,-477,0.054901965,526,-477,0.054901965,526,-477,0.054901965,526,-477,0.054901965,526,-477,0.054901965,526,-477,0.054901965,526,-477,0.054901965,526,-477,0.054901965,526,-477,0.054901965,526,-477,0.054901965,526,-477,0.054901965,526,-477,0.054901965,526,-477,0.054901965,526,-477,0.054901965,526,-477,0.054901965,526,-477,0.054901965,526,-477,0.054901965,526,-477,0.054901965,526,-477,0.054901965,526,-477,0.054901965,526,-477,0.054901965,526,-477,0.054901965,526,-477,0.054901965,526,-477,0.054901965,526,-477,0.054901965,526,-477,0.054901965,526,-477,0.054901965,526,-477,0.054901965,526,-477,0.054901965,526,-477,0.054901965,526,-477,0.054901965,526,-477,0.054901965,526,-477,0.054901965,526,-477,0.054901965,526,-477,0.054901965,526,-477,0.054901965,526,-477,0.054901965,526,-477,0.054901965,526,-477,0.054901965,526,-477,0.054901965,526,-477,0.054901965,526,-477,0.054901965,526,-477,0.054901965,526,-477,0.054901965,526,-477,0.054901965,526,-477,0.054901965,526,-477,0.054901965,526,-477,0.054901965,526,-477,0.054901965,526,-477,0.054901965,526,-477,0.054901965,526,-477,0.054901965,526,-477,0.054901965,526,-477,0.054901965,526,-477,0.054901965,526,-477,0.054901965,526,-477,0.054901965,526,-477,0.054901965,526,-477,0.054901965,526,-477,0.054901965,526,-477,0.054901965,526,-477,0.054901965,526,-477,0.054901965,526,-477,0.054901965,526,-477,0.054901965,526,-477,0.054901965,526,-477,0.054901965,526,-477,0.054901965,526,-477,0.054901965,526,-477,0.054901965,526,-477,0.054901965,526,-477,0.054901965,526,-477,0.054901965,526,-477,0.054901965,526,-477,0.054901965,526,-477,0.054901965,526,-477,0.054901965,526,-477,0.054901965,526,-477,0.054901965,526,-477,0.054901965,526,-477,0.054901965,526,-477,0.054901965,526,-477,0.054901965,526,-477,0.054901965,526,-477,0.054901965,526,-477,0.054901965,12312222
0,0,0.18431373,38.349,-64.44849,0.18431373,93.11374,-140.91681,0.18039216,152.5,-207,0.1764706,333.22253,-360.32367,0.17254902,403.2422,-416.8142,0.17254902,457.91644,-460.80884,0.16862746,496.6322,-496.00677,0.16862746,534,-530,0.078431375,534,-530,0.078431375,534,-530,0.078431375,534,-530,0.078431375,534,-530,0.078431375,534,-530,0.078431375,534,-530,0.078431375,534,-530,0.078431375,534,-530,0.078431375,534,-530,0.078431375,534,-530,0.078431375,534,-530,0.078431375,534,-530,0.078431375,534,-530,0.078431375,534,-530,0.078431375,534,-530,0.078431375,534,-530,0.078431375,534,-530,0.078431375,534,-530,0.078431375,534,-530,0.078431375,534,-530,0.078431375,534,-530,0.078431375,534,-530,0.078431375,534,-530,0.078431375,534,-530,0.078431375,534,-530,0.078431375,534,-530,0.078431375,534,-530,0.078431375,534,-530,0.078431375,534,-530,0.078431375,534,-530,0.078431375,534,-530,0.078431375,534,-530,0.078431375,534,-530,0.078431375,534,-530,0.078431375,534,-530,0.078431375,534,-530,0.078431375,534,-530,0.078431375,534,-530,0.078431375,534,-530,0.078431375,534,-530,0.078431375,534,-530,0.078431375,534,-530,0.078431375,534,-530,0.078431375,534,-530,0.078431375,534,-530,0.078431375,534,-530,0.078431375,534,-530,0.078431375,534,-530,0.078431375,534,-530,0.078431375,534,-530,0.078431375,534,-530,0.078431375,534,-530,0.078431375,534,-530,0.078431375,534,-530,0.078431375,534,-530,0.078431375,534,-530,0.078431375,534,-530,0.078431375,534,-530,0.078431375,534,-530,0.078431375,534,-530,0.078431375,534,-530,0.078431375,534,-530,0.078431375,534,-530,0.078431375,534,-530,0.078431375,534,-530,0.078431375,534,-530,0.078431375,534,-530,0.078431375,534,-530,0.078431375,534,-530,0.078431375,534,-530,0.078431375,534,-530,0.078431375,534,-530,0.078431375,534,-530,0.078431375,534,-530,0.078431375,534,-530,0.078431375,534,-530,0.078431375,534,-530,0.078431375,534,-530,0.078431375,534,-530,0.078431375,534,-530,0.078431375,534,-530,0.078431375,534,-530,0.078431375,534,-530,0.078431375,534,-530,0.078431375,534,-530,0.078431375,534,-530,0.078431375,534,-530,0.078431375,534,-530,0.078431375,534,-530,0.078431375,534,-530,0.078431375,534,-530,0.078431375,534,-530,0.078431375,534,-530,0.078431375,534,-530,0.078431375,534,-530,0.078431375,534,-530,0.078431375,534,-530,0.078431375,534,-530,0.078431375,534,-530,0.078431375,534,-530,0.078431375,534,-530,0.078431375,534,-530,0.078431375,534,-530,0.078431375,534,-530,0.078431375,534,-530,0.078431375,534,-530,0.078431375,534,-530,0.078431375,534,-530,0.078431375,534,-530,0.078431375,534,-530,0.078431375,534,-530,0.078431375,534,-530,0.078431375,534,-530,0.078431375,534,-530,0.078431375,534,-530,0.078431375,534,-530,0.078431375,534,-530,0.078431375,534,-530,0.078431375,534,-530,0.078431375,534,-530,0.078431375,534,-530,0.078431375,534,-530,0.078431375,534,-530,0.078431375,534,-530,0.078431375,534,-530,0.078431375,534,-530,0.078431375,534,-530,0.078431375,534,-530,0.078431375,534,-530,0.078431375,534,-530,0.078431375,534,-530,0.078431375,534,-530,0.078431375,534,-530,0.078431375,534,-530,0.078431375,534,-530,0.078431375,534,-530,0.078431375,534,-530,0.078431375,534,-530,0.078431375,534,-530,0.078431375,534,-530,0.078431375,534,-530,0.078431375,12312222
0,0,0.18823531,0,0,0.19215688,0,0,0.18823531,121.59219,-199.20032,0.1764706,189.20581,-303.18506,0.1764706,252.71143,-401.48328,0.1764706,305.48212,-477.4364,0.1764706,342.47632,-527.5576,0.1764706,394.01166,-586.6381,0.16862746,406.4756,-601.0944,0.16470589,411,-606,0.07058824,411,-606,0.07058824,411,-606,0.07058824,411,-606,0.07058824,411,-606,0.07058824,411,-606,0.07058824,411,-606,0.07058824,411,-606,0.07058824,411,-606,0.07058824,411,-606,0.07058824,411,-606,0.07058824,411,-606,0.07058824,411,-606,0.07058824,411,-606,0.07058824,411,-606,0.07058824,411,-606,0.07058824,411,-606,0.07058824,411,-606,0.07058824,411,-606,0.07058824,411,-606,0.07058824,411,-606,0.07058824,411,-606,0.07058824,411,-606,0.07058824,411,-606,0.07058824,411,-606,0.07058824,411,-606,0.07058824,411,-606,0.07058824,411,-606,0.07058824,411,-606,0.07058824,411,-606,0.07058824,411,-606,0.07058824,411,-606,0.07058824,411,-606,0.07058824,411,-606,0.07058824,411,-606,0.07058824,411,-606,0.07058824,411,-606,0.07058824,411,-606,0.07058824,411,-606,0.07058824,411,-606,0.07058824,411,-606,0.07058824,411,-606,0.07058824,411,-606,0.07058824,411,-606,0.07058824,411,-606,0.07058824,411,-606,0.07058824,411,-606,0.07058824,411,-606,0.07058824,411,-606,0.07058824,411,-606,0.07058824,411,-606,0.07058824,411,-606,0.07058824,411,-606,0.07058824,411,-606,0.07058824,411,-606,0.07058824,411,-606,0.07058824,411,-606,0.07058824,411,-606,0.07058824,411,-606,0.07058824,411,-606,0.07058824,411,-606,0.07058824,411,-606,0.07058824,411,-606,0.07058824,411,-606,0.07058824,411,-606,0.07058824,411,-606,0.07058824,411,-606,0.07058824,411,-606,0.07058824,411,-606,0.07058824,411,-606,0.07058824,411,-606,0.07058824,411,-606,0.07058824,411,-606,0.07058824,411,-606,0.07058824,411,-606,0.07058824,411,-606,0.07058824,411,-606,0.07058824,411,-606,0.07058824,411,-606,0.07058824,411,-606,0.07058824,411,-606,0.07058824,411,-606,0.07058824,411,-606,0.07058824,411,-606,0.07058824,411,-606,0.07058824,411,-606,0.07058824,411,-606,0.07058824,411,-606,0.07058824,411,-606,0.07058824,411,-606,0.07058824,411,-606,0.07058824,411,-606,0.07058824,411,-606,0.07058824,411,-606,0.07058824,411,-606,0.07058824,411,-606,0.07058824,411,-606,0.07058824,411,-606,0.07058824,411,-606,0.07058824,411,-606,0.07058824,411,-606,0.07058824,411,-606,0.07058824,411,-606,0.07058824,411,-606,0.07058824,411,-606,0.07058824,411,-606,0.07058824,411,-606,0.07058824,411,-606,0.07058824,411,-606,0.07058824,411,-606,0.07058824,411,-606,0.07058824,411,-606,0.07058824,411,-606,0.07058824,411,-606,0.07058824,411,-606,0.07058824,411,-606,0.07058824,411,-606,0.07058824,411,-606,0.07058824,411,-606,0.07058824,411,-606,0.07058824,411,-606,0.07058824,411,-606,0.07058824,411,-606,0.07058824,411,-606,0.07058824,411,-606,0.07058824,411,-606,0.07058824,411,-606,0.07058824,411,-606,0.07058824,411,-606,0.07058824,411,-606,0.07058824,411,-606,0.07058824,411,-606,0.07058824,411,-606,0.07058824,411,-606,0.07058824,411,-606,0.07058824,411,-606,0.07058824,411,-606,0.07058824,411,-606,0.07058824,411,-606,0.07058824,411,-606,0.07058824,12312222
0,0,0.16862746,0,0,0.17254902,0,0,0.17254902,66.122955,-140.12122,0.16862746,138.09732,-271.2306,0.16470589,220.14612,-407.7058,0.16470589,309.04004,-539.5442,0.16470589,382.37378,-637.8453,0.16470589,459.21234,-720.59106,0.16078432,471.27393,-728.63696,0.14117648,472,-729,0.04705883,472,-729,0.04705883,472,-729,0.04705883,472,-729,0.04705883,472,-729,0.04705883,472,-729,0.04705883,472,-729,0.04705883,472,-729,0.04705883,472,-729,0.04705883,472,-729,0.04705883,472,-729,0.04705883,472,-729,0.04705883,472,-729,0.04705883,472,-729,0.04705883,472,-729,0.04705883,472,-729,0.04705883,472,-729,0.04705883,472,-729,0.04705883,472,-729,0.04705883,472,-729,0.04705883,472,-729,0.04705883,472,-729,0.04705883,472,-729,0.04705883,472,-729,0.04705883,472,-729,0.04705883,472,-729,0.04705883,472,-729,0.04705883,472,-729,0.04705883,472,-729,0.04705883,472,-729,0.04705883,472,-729,0.04705883,472,-729,0.04705883,472,-729,0.04705883,472,-729,0.04705883,472,-729,0.04705883,472,-729,0.04705883,472,-729,0.04705883,472,-729,0.04705883,472,-729,0.04705883,472,-729,0.04705883,472,-729,0.04705883,472,-729,0.04705883,472,-729,0.04705883,472,-729,0.04705883,472,-729,0.04705883,472,-729,0.04705883,472,-729,0.04705883,472,-729,0.04705883,472,-729,0.04705883,472,-729,0.04705883,472,-729,0.04705883,472,-729,0.04705883,472,-729,0.04705883,472,-729,0.04705883,472,-729,0.04705883,472,-729,0.04705883,472,-729,0.04705883,472,-729,0.04705883,472,-729,0.04705883,472,-729,0.04705883,472,-729,0.04705883,472,-729,0.04705883,472,-729,0.04705883,472,-729,0.04705883,472,-729,0.04705883,472,-729,0.04705883,472,-729,0.04705883,472,-729,0.04705883,472,-729,0.04705883,472,-729,0.04705883,472,-729,0.04705883,472,-729,0.04705883,472,-729,0.04705883,472,-729,0.04705883,472,-729,0.04705883,472,-729,0.04705883,472,-729,0.04705883,472,-729,0.04705883,472,-729,0.04705883,472,-729,0.04705883,472,-729,0.04705883,472,-729,0.04705883,472,-729,0.04705883,472,-729,0.04705883,472,-729,0.04705883,472,-729,0.04705883,472,-729,0.04705883,472,-729,0.04705883,472,-729,0.04705883,472,-729,0.04705883,472,-729,0.04705883,472,-729,0.04705883,472,-729,0.04705883,472,-729,0.04705883,472,-729,0.04705883,472,-729,0.04705883,472,-729,0.04705883,472,-729,0.04705883,472,-729,0.04705883,472,-729,0.04705883,472,-729,0.04705883,472,-729,0.04705883,472,-729,0.04705883,472,-729,0.04705883,472,-729,0.04705883,472,-729,0.04705883,472,-729,0.04705883,472,-729,0.04705883,472,-729,0.04705883,472,-729,0.04705883,472,-729,0.04705883,472,-729,0.04705883,472,-729,0.04705883,472,-729,0.04705883,472,-729,0.04705883,472,-729,0.04705883,472,-729,0.04705883,472,-729,0.04705883,472,-729,0.04705883,472,-729,0.04705883,472,-729,0.04705883,472,-729,0.04705883,472,-729,0.04705883,472,-729,0.04705883,472,-729,0.04705883,472,-729,0.04705883,472,-729,0.04705883,472,-729,0.04705883,472,-729,0.04705883,472,-729,0.04705883,472,-729,0.04705883,472,-729,0.04705883,472,-729,0.04705883,472,-729,0.04705883,472,-729,0.04705883,472,-729,0.04705883,472,-729,0.04705883,472,-729,0.04705883,472,-729,0.04705883,472,-729,0.04705883,12312222
0,0,0.17254902,3.0410767,-6.6904297,0.17254902,119.7883,-185.74597,0.16862746,208.02798,-294.33844,0.16078432,305.69342,-414.87958,0.16470589,391.05823,-514.15497,0.16862746,445.69073,-573.3061,0.16470589,493.11902,-618.119,0.16078432,497.635,-622.635,0.15686275,498,-623,0.08235294,498,-623,0.08235294,498,-623,0.08235294,498,-623,0.08235294,498,-623,0.08235294,498,-623,0.08235294,498,-623,0.08235294,498,-623,0.08235294,498,-623,0.08235294,498,-623,0.08235294,498,-623,0.08235294,498,-623,0.08235294,498,-623,0.08235294,498,-623,0.08235294,498,-623,0.08235294,498,-623,0.08235294,498,-623,0.08235294,498,-623,0.08235294,498,-623,0.08235294,498,-623,0.08235294,498,-623,0.08235294,498,-623,0.08235294,498,-623,0.08235294,498,-623,0.08235294,498,-623,0.08235294,498,-623,0.08235294,498,-623,0.08235294,498,-623,0.08235294,498,-623,0.08235294,498,-623,0.08235294,498,-623,0.08235294,498,-623,0.08235294,498,-623,0.08235294,498,-623,0.08235294,498,-623,0.08235294,498,-623,0.08235294,498,-623,0.08235294,498,-623,0.08235294,498,-623,0.08235294,498,-623,0.08235294,498,-623,0.08235294,498,-623,0.08235294,498,-623,0.08235294,498,-623,0.08235294,498,-623,0.08235294,498,-623,0.08235294,498,-623,0.08235294,498,-623,0.08235294,498,-623,0.08235294,498,-623,0.08235294,498,-623,0.08235294,498,-623,0.08235294,498,-623,0.08235294,498,-623,0.08235294,498,-623,0.08235294,498,-623,0.08235294,498,-623,0.08235294,498,-623,0.08235294,498,-623,0.08235294,498,-623,0.08235294,498,-623,0.08235294,498,-623,0.08235294,498,-623,0.08235294,498,-623,0.08235294,498,-623,0.08235294,498,-623,0.08235294,498,-623,0.08235294,498,-623,0.08235294,498,-623,0.08235294,498,-623,0.08235294,498,-623,0.08235294,498,-623,0.08235294,498,-623,0.08235294,498,-623,0.08235294,498,-623,0.08235294,498,-623,0.08235294,498,-623,0.08235294,498,-623,0.08235294,498,-623,0.08235294,498,-623,0.08235294,498,-623,0.08235294,498,-623,0.08235294,498,-623,0.08235294,498,-623,0.08235294,498,-623,0.08235294,498,-623,0.08235294,498,-623,0.08235294,498,-623,0.08235294,498,-623,0.08235294,498,-623,0.08235294,498,-623,0.08235294,498,-623,0.08235294,498,-623,0.08235294,498,-623,0.08235294,498,-623,0.08235294,498,-623,0.08235294,498,-623,0.08235294,498,-623,0.08235294,498,-623,0.08235294,498,-623,0.08235294,498,-623,0.08235294,498,-623,0.08235294,498,-623,0.08235294,498,-623,0.08235294,498,-623,0.08235294,498,-623,0.08235294,498,-623,0.08235294,498,-623,0.08235294,498,-623,0.08235294,498,-623,0.08235294,498,-623,0.08235294,498,-623,0.08235294,498,-623,0.08235294,498,-623,0.08235294,498,-623,0.08235294,498,-623,0.08235294,498,-623,0.08235294,498,-623,0.08235294,498,-623,0.08235294,498,-623,0.08235294,498,-623,0.08235294,498,-623,0.08235294,498,-623,0.08235294,498,-623,0.08235294,498,-623,0.08235294,498,-623,0.08235294,498,-623,0.08235294,498,-623,0.08235294,498,-623,0.08235294,498,-623,0.08235294,498,-623,0.08235294,498,-623,0.08235294,498,-623,0.08235294,498,-623,0.08235294,498,-623,0.08235294,498,-623,0.08235294,498,-623,0.08235294,498,-623,0.08235294,498,-623,0.08235294,498,-623,0.08235294,498,-623,0.08235294,12312222
